Protein,Gene,ALS_1_T1_MaxLFQ_Intensity,ALS_1_T2_MaxLFQ_Intensity,ALS_1_T3_MaxLFQ_Intensity,ALS_1_T4_MaxLFQ_Intensity,ALS_2_T1_MaxLFQ_Intensity,ALS_2_T2_MaxLFQ_Intensity,ALS_2_T3_MaxLFQ_Intensity,ALS_2_T4_MaxLFQ_Intensity,ALS_3_T1_MaxLFQ_Intensity,ALS_3_T2_MaxLFQ_Intensity,ALS_3_T3_MaxLFQ_Intensity,ALS_3_T4_MaxLFQ_Intensity,ALS_4_T1_MaxLFQ_Intensity,ALS_4_T2_MaxLFQ_Intensity,ALS_4_T3_MaxLFQ_Intensity,ALS_4_T4_MaxLFQ_Intensity,ALS_5_T1_MaxLFQ_Intensity,ALS_5_T2_MaxLFQ_Intensity,ALS_5_T3_MaxLFQ_Intensity,ALS_5_T4_MaxLFQ_Intensity,ALS_6_T1_MaxLFQ_Intensity,ALS_6_T2_MaxLFQ_Intensity,ALS_6_T3_MaxLFQ_Intensity,ALS_6_T4_MaxLFQ_Intensity,ALS_7_T1_MaxLFQ_Intensity,ALS_7_T2_MaxLFQ_Intensity,ALS_7_T3_MaxLFQ_Intensity,ALS_7_T4_MaxLFQ_Intensity,ALS_8_T1_MaxLFQ_Intensity,ALS_8_T2_MaxLFQ_Intensity,ALS_8_T3_MaxLFQ_Intensity,ALS_8_T4_MaxLFQ_Intensity,ALS_9_T1_MaxLFQ_Intensity,ALS_9_T2_MaxLFQ_Intensity,ALS_9_T3_MaxLFQ_Intensity,ALS_9_T4_MaxLFQ_Intensity,ALS_10_T1_MaxLFQ_Intensity,ALS_10_T2_MaxLFQ_Intensity,ALS_10_T3_MaxLFQ_Intensity,ALS_10_T4_MaxLFQ_Intensity,Control_1_MaxLFQ_Intensity,Control_2_MaxLFQ_Intensity,Control_3_MaxLFQ_Intensity,Control_4_MaxLFQ_Intensity,Control_5_MaxLFQ_Intensity,Control_6_MaxLFQ_Intensity,Control_7_MaxLFQ_Intensity,Control_8_MaxLFQ_Intensity,Control_9_MaxLFQ_Intensity,Control_10_MaxLFQ_Intensity
sp|A0A075B6P5|KV228_HUMAN,IGKV2-28,,,,,25.738354530941425,25.60928201159632,25.565348239434595,25.13213693079717,24.32316405254344,24.60059465174881,24.407125541843083,24.666697699503157,,,,,23.884266328102928,23.8667464385441,24.41492441775864,24.046343556028333,24.70435512087296,24.52989353944812,24.3224407585931,24.901684703374,24.602401511066983,24.193816379477788,24.190332345019627,24.543188411619862,25.2269336802058,24.99563024435064,25.10229444017589,24.845719261957537,24.95677170874549,24.975539980325934,24.494265903296714,24.24813821868511,,,,,25.921562721082694,25.035199439223923,23.702532566835256,23.876776348315087,24.20915758074957,24.751436027972165,24.75933735873424,25.25173730083098,25.222159390337968,25.11860620129519
sp|O14594|NCAN_HUMAN,NCAN,20.541653944521396,20.670837061290616,20.17470627768285,20.41766450333324,18.921142524687724,,18.36372799166656,18.575313452444536,22.335714270541825,22.236285250962165,22.36916321309312,22.094811007353883,22.23054701738267,22.193783854202948,22.201598343808406,22.311741664372597,20.73525958392318,20.956517703070663,20.7699604896107,20.43866024275803,20.82310822328232,20.527469901828635,20.913377307332635,20.40859863770924,19.872038160547124,19.927277846176217,19.16376043786102,19.34611656648877,20.91189310197815,21.02517589863907,21.092048426961743,20.958299759859,20.00921428368528,20.049204041398507,20.337149270413747,20.21336543832184,19.425226657640675,19.48395026691409,19.65840327353189,19.791280308989847,21.175891374816253,21.986085920817622,22.117803634385684,22.723272209167703,21.599678705119352,22.05607504360111,21.64380628017502,21.50248273733288,21.47745917532964,21.857462661815987
sp|P00734|THRB_HUMAN,F2,22.338821465404845,21.84718721981196,21.19468972203764,20.549227472420817,22.384014309583847,20.109455782684943,21.141434307920655,22.962610943415843,22.182570285989456,20.96368704414909,22.224942019467875,22.012210547572376,21.74284825535868,22.400299085013536,21.78424759697385,22.04943841389984,22.126571469101577,22.941017509095992,23.12193671653922,21.43009355800392,22.31450969374744,20.662010274063565,22.292696954555836,20.16733953394325,22.05061276275197,21.986507515267636,21.328893413294903,22.0096442646814,21.59984905979579,22.329237087916383,22.073967152432143,22.079551686415783,19.17845213653434,22.54159696878352,22.790558510273204,22.878374330095426,21.190474798317677,22.41166707604324,22.641461214017724,22.395620685241752,20.76258012513305,21.9571356937124,22.063879207575354,22.20629672120511,22.57545900643989,21.244792950907247,21.730242349475617,22.696077415763646,22.407001590745143,22.004462884041665
sp|P00736|C1R_HUMAN,C1R,27.71057554856521,27.777845363292176,27.569408797757696,27.48836874637593,28.213953623223656,27.882132202462717,28.05365292646144,28.102546415882685,27.696670319501436,27.797672877982507,27.78627900375388,27.41588851563241,27.59661311206516,27.706286013676756,27.45759304118526,27.710567947623293,27.50189256352248,27.846961253972,28.08143793696902,27.195988781325838,27.88830400814774,27.318230667091957,27.5669187257709,27.91099601989612,27.849306282384926,27.091514816148667,27.115425341443604,27.777389504005257,22.27232412338499,22.037007349272272,21.77952840543197,22.068735627805907,27.95426164406064,28.645107722214178,28.212246995328684,28.31146042265333,21.484443103298155,21.298396124378108,21.441035377770365,21.66501492117204,27.30385214216676,28.202633460391,27.779918904156727,27.56262035381385,27.445608737242985,27.002543609464656,27.92933871086436,27.87288410424672,27.83753262315546,27.746398856036084
sp|P00746|CFAD_HUMAN,CFD,21.50154550069783,21.28271994952085,21.27560295056548,22.04887698706879,20.870682572838135,20.80374364992655,20.87400772920772,20.40635842316096,20.52523027861648,20.68882856747444,20.51684327285652,21.111273597819466,21.268077639363412,20.840433583497955,20.71061763416948,20.445625798595664,21.53501750350763,21.03384667730472,21.42523423154191,21.56836375840277,20.55405808907335,20.670717353450733,20.774329316087588,20.66612225529782,21.2320042052448,21.11064865352207,21.84718721981196,21.271664426201664,20.943766939880213,20.9379913231052,20.715458400619312,19.791501510967752,21.574851428217443,21.195068721014884,20.927438800158225,20.746556714035567,20.436395231022317,20.49044105153393,20.52250250536468,20.49505164163382,20.66151601800036,21.28672185992304,20.370892536498594,21.50622385688778,21.08434312807635,21.286711206236237,21.11201712622339,21.8433718635468,21.169169253322742,21.565568900835164
sp|P00747|PLMN_HUMAN,PLG,23.68211128922415,23.59776260464497,23.54422257056204,23.456441366568495,23.797335152130906,23.449100973402665,24.06857424339696,23.827919368612697,22.998372357954484,23.2255224122984,23.16227162623216,23.06683879643424,23.016420741253334,23.03786512887797,22.89293533026096,23.057382356439696,24.07857970479927,24.04163004414191,23.89340237588732,24.16261546148272,23.444251010122432,23.786973862854232,23.759348676896494,23.49031121900102,23.996830527288648,24.36027251413857,24.334711705543302,23.86283982881131,22.978721792087352,22.763968370277052,23.02920873617962,23.167288874496855,23.98236590429406,23.65953557029352,23.76198578787668,23.84281834814474,23.505545063293397,23.501437036820327,23.471551663816854,23.47969649022979,24.053723855052965,22.911822962852117,23.482739137805687,23.137968048784305,23.67983028595464,23.82133384220899,23.412835423608584,23.95299514824929,23.695556498414373,23.44184522290686
sp|P00751|CFAB_HUMAN,CFB,23.804388467799647,23.906026594397368,23.966749598064148,23.62750325864057,24.087151094663064,23.564251125744946,24.23698515593724,24.018461831326228,23.74130661850476,23.85623998872283,23.768669427269344,23.612393082127,23.38118983063311,23.54342910894357,23.360358829816583,23.7268837592458,23.769516822986937,23.890333857093434,23.323232634948564,24.01591490144304,23.48221544491748,23.90429253358822,24.00625789492862,23.48689753749845,23.35958472963091,23.80561426942448,24.038537174121963,23.522443010123222,23.315584218838023,23.136782520919688,23.61220999740537,23.86511834567889,24.039306028344317,23.91562777617833,24.246877487180623,24.37516440678479,24.20312739359652,24.19181909148076,24.30267959086401,24.112457505931037,23.763816282691963,23.06397825468357,23.01755747273667,23.43056631380712,23.935794930362803,23.72688168374036,23.16513117833567,24.144509504808468,23.862136648246945,23.58569440690207
sp|P01023|A2MG_HUMAN,A2M,24.750560222963323,24.84740601223445,24.6127210825192,24.661653767774023,23.82286177551388,24.00516968670464,23.92302530241337,23.776084446503283,24.42419253912017,24.504601846946404,24.43947466561208,24.421558173308,24.756256784714083,24.73582885884714,24.67086139839546,25.00122392705996,24.810314422819637,24.843514463968585,24.896333554310004,24.667126647232468,24.71326360723912,24.78297651274753,24.576333931442065,24.864680159573528,24.53048446709621,24.150592050201737,24.460783070825528,24.397194830407734,24.51361420951872,24.370089352194345,24.18049487229795,24.05848488746313,24.514107945034446,24.469869981695208,24.22230069228222,24.233471869912066,24.079202794515027,24.00382084540848,24.084450315559053,24.08732280613281,24.00757905464709,24.684577368990983,24.312682381549983,24.387121256797183,23.984052147479552,24.04977901337719,24.450389210239237,24.33937951915052,24.18015292896988,24.417239909477534
sp|P01024|CO3_HUMAN,C3,25.759792285852445,25.87466136962462,25.713146230716944,25.671248916182385,25.813513426360963,25.594990295599573,25.831004600035826,25.755964412994963,25.780874254572552,25.83511630186641,25.84802979691708,25.750619310455843,25.24807948769273,25.43743960585497,25.128452965452617,25.40808130935902,26.11944698203873,26.233698010982152,26.423293488333695,26.013938314107893,25.966804188320467,25.78397841969823,25.82369097058099,26.045912267524173,25.94975076425976,25.810292647683053,25.74315724033326,25.864122257310058,25.59981962136088,25.609671170992293,25.37855669633114,25.276232143314648,25.84828663521794,26.08485716230032,25.913385891895587,25.983602023298367,25.657593563782623,25.662904310095552,25.776359046230784,25.64175597747985,25.45313520502448,25.689580628855804,25.36592023769148,25.737605513594584,25.62488722118768,25.674182927897693,25.37001758292859,25.837166188436488,26.157425359706192,25.753960626925476
sp|P01031|CO5_HUMAN,C5,20.22372614165565,20.213833020636844,20.428142373069377,20.202967580536367,21.14152701458804,21.303072906613792,21.407923783306405,21.37135052448397,20.062539698066686,20.05269983902748,20.081068733863276,20.00386251631608,19.767745864448163,19.82009039627493,19.77693478479839,19.87522613194535,20.736032278475445,20.57768372825297,21.00134265994025,20.846790834563613,20.682690361874812,20.50824467454469,20.590131083463877,20.719611082465203,20.410827469854045,19.995789626568342,20.294295219541176,20.75243600720501,20.1387708724261,19.95395168119862,19.91858491332946,20.0393135779367,21.01016963371264,20.9117231294941,20.93911937622809,21.1889471088157,20.7589897651156,20.8461524510716,21.03757490905063,20.498538109247285,21.22751136568624,20.145509725889884,20.272367686051638,20.05941414315585,20.60224790134784,20.644178069104136,19.87257664146056,21.315297416431587,21.44027350906825,20.98111586551268
sp|P01033|TIMP1_HUMAN,TIMP1,21.69626391839314,21.835033764585877,21.82051145238549,21.60082732732317,21.4634046197156,21.481050975532487,21.234903420395963,21.543382746551877,21.71629922589729,21.827205477382577,21.471694396973536,21.490055084123185,21.93218135083153,21.84990803326143,21.97922670036176,21.68949629902208,22.27756458801911,22.09033074430422,22.19389271204245,22.08685606426597,22.10261689306113,22.32837997111439,21.845901503913176,22.02753098374748,22.31821748678303,21.88891925746592,22.14026960131738,22.29402833058534,21.514420943305144,21.860240830721043,21.419134691672305,21.666638103082704,22.325276055243258,21.84718721981196,21.773879238813866,21.85210865496955,21.342708931494585,21.30326876095099,21.415111183497324,21.51989249876545,21.467049842126265,22.088647839924693,21.782132422296574,21.827672239839544,21.73384300968988,21.57297787238213,21.973199361439843,22.004077075158364,21.49122393841289,22.346504611069975
sp|P01597|KV139_HUMAN,IGKV1-39,,,,,23.452274767914197,23.399156367633854,23.16682833520219,22.877475540571726,21.53233028344889,21.703279858757828,20.40292455081735,20.28744903549262,,,,,20.809635556011795,20.90699293866432,21.617523222259518,21.011836224104737,22.287405486292744,21.7521239974135,21.829012947711124,22.899024260145,,,,,22.816046709654028,22.383357738865588,21.18518742735112,,22.82246750037708,22.60284925239735,22.01774825903124,22.25111068029973,22.34305094014451,21.908581660566018,21.626395823679918,20.825032589090878,22.29969371166412,22.16212287409389,21.195622040660847,21.575647706549304,21.472929262264238,21.24564729866579,22.0633885908778,21.362712262960148,22.293816785671257,22.003407623670757
sp|P01619|KV320_HUMAN,IGKV3-20,25.54439409081123,25.51760940593128,25.23083710935879,25.37153021865912,26.24649997096361,26.191533093537927,26.13135522320758,25.50161787300461,24.94027215951185,25.15606317145037,24.96306866133117,24.898941037765685,24.35299937950185,24.5038371720832,23.960989161070625,24.488113209047945,24.64768605267217,24.27485851020978,24.77797236874936,24.046313927144077,25.16723494394329,25.168353136648907,24.717052827416737,25.21126456672283,24.903840195790064,24.880505525908998,24.88844808227169,25.38625990529741,25.9621183356352,25.695336999730603,25.50593056446961,24.68544674943001,25.221930453012178,25.258527795774206,25.18940368806133,25.05755489806285,25.27452475923432,24.829070632491227,25.07831126693268,24.628564488359903,26.19150642976101,25.44047636677433,24.747102851654773,23.87524065742182,24.75078684078248,24.83169256263588,25.55442246704012,25.40127465536201,25.598264591898964,25.59278722442845
sp|P01700|LV147_HUMAN,IGLV1-47,22.56433299019211,22.5481082307448,22.230791518580645,22.411634420252664,23.74227501164929,23.90149229627093,24.01616248059952,23.440592402683937,22.896458853600564,22.950071939833546,23.0722505207251,23.05767593085872,21.85665695537794,22.264897070169592,21.90499139671216,21.99309840895371,21.87623547660889,22.084370042706656,22.492145731931597,21.90578282550621,23.44822880984176,23.232177528918942,22.974324931603142,23.55937050175262,23.655104694437124,23.311560229832143,23.35822649922857,23.704883488811888,23.79362147964657,23.617274762269407,23.237955908106137,22.81426896482549,23.7510002630537,23.41121843446512,23.31088346582164,23.43189081509912,23.431807400236604,23.13162150040625,23.37734067218249,23.101638745109117,24.72296288167087,23.277069757919968,23.289072871217,22.903428678906216,22.89136385571628,20.1289644143846,23.64670722017982,23.132541544940977,23.570151709421054,23.338528207785995
sp|P01701|LV151_HUMAN,IGLV1-51,21.71493624948739,21.785797192422955,21.73706510106123,21.578630906453675,21.90171719865362,21.33183404853132,21.853201132220757,21.518339466692577,21.691275942003927,22.26382295478645,,22.317447094031703,21.878288073858887,21.444745902851917,21.607797015032094,21.60563994676051,21.895776122500248,21.853899126118424,20.63021076980351,,,,,,,22.779763863638717,22.80292205889472,21.46994322984118,21.44314317050878,21.24839682000434,22.89465688193255,22.5626451063056,22.950520671044707,22.58113765458009,22.846063065669167,22.23385787080696,22.66774486508048,22.63497545054969,,22.750020187929355,23.40466713954042,21.50814841998728,22.5492964846588,21.88263000643184,22.452043252845208,,22.92273829501505,22.63352317586562,22.52417232031612,22.78754964176476
sp|P01709|LV208_HUMAN,IGLV2-8,,,,,23.674331621309204,23.32910304381933,23.506586907367563,23.389380662997944,23.025163375119533,23.13948665713244,22.954390186386807,23.149679253569083,21.37388816395784,21.931749202429973,21.47289020782815,21.84123303577896,,,,,22.02907450669263,22.38161830176969,22.126993670120413,22.130007935804883,22.301596004939984,22.752998881954483,23.277861197688704,22.34955738320534,23.03180515292616,22.78125301413115,23.08900767327114,22.414775629644325,24.100940656970693,23.42527421780067,23.59954726538249,23.688447490133345,23.268447818058323,23.464858833151883,23.344982788030443,23.05626191192574,24.342271720113764,22.26061995993492,22.71667896546226,22.3098686809571,23.29708565446573,22.73908400640682,23.39433231123181,23.260370487223422,23.383830980186893,23.784069122212788
sp|P01768|HV330_HUMAN,IGHV3-30,23.99045202528509,23.92460921170329,23.709075266311224,23.487449298738987,24.657314967106764,24.69525373670906,24.690402421506622,24.396007679686843,23.57673612461932,23.49478671654635,23.304751838564837,24.59300234700577,22.89203482406692,22.890201707955278,22.59469492913185,23.11901959857646,23.17111247927911,22.897755392054822,22.891657243415192,23.146798342411035,24.38392895373537,24.002174319551425,23.986102505576486,24.506985890920355,24.061230143368213,23.795287818462352,24.39492517844057,24.24367297659338,24.56351648317292,24.217471261560235,24.498216606299888,24.242228433547137,24.495052262104497,24.04538073419768,24.30684341670778,24.30597908145608,24.45249568629715,24.42229498664993,24.334229370774956,24.24157141477221,25.364316914127976,24.155953326116915,23.81574696504453,23.193530109034715,24.41714363552713,24.132483505825547,24.53963594667835,23.99470501047624,24.70654499959832,24.6553434243926
sp|P01780|HV307_HUMAN,IGHV3-7,23.286915441646777,23.363768950202008,23.30111938849104,23.07994596022642,24.73075438162496,23.876161043011816,24.74752389989771,24.47804561017387,22.714879096057235,22.87579778576776,22.23409461746363,22.53672413156207,22.73703146434185,22.86334174623539,22.787995444678224,23.11720496844601,,,,,23.678003298229804,23.482034025361177,22.75715376701894,23.62308688881741,23.021189283376728,23.0455278276446,22.965088342360296,23.04530027477618,23.77894531383273,23.739858393607538,24.013705447251503,23.91701769858128,24.503794600387103,24.080348246162632,23.821652884893293,23.873680094090258,23.87756900901496,23.773507260396386,23.88623639399228,23.66443754574784,24.79086007805492,23.121531470546287,23.257835176381167,22.050816518748253,23.943616217331137,23.58726771227569,24.22228646762345,23.71768923134728,23.870184045876748,24.06171289407757
sp|P01834|IGKC_HUMAN,IGKC,28.308289048653144,28.44761019850703,28.41574448024276,28.24364932774675,28.689937026423703,28.165493967135856,28.65272389991709,28.06698830903932,28.05119049745824,27.94508366246451,28.033531698531,28.02509076023996,27.76390262697148,27.881802079119925,27.38107202913199,27.654101954579627,27.583362697850703,27.7168872949246,28.235239457566045,27.796328937324667,28.14892564066693,28.20840841789345,28.142602459463937,28.08013118438399,27.92789495933572,27.623535944239325,27.88483286079872,28.36684841293818,28.690892353189472,28.590387148730606,28.43003408312137,28.344529628726665,28.531339330715177,28.52091333238477,28.33046405829856,27.873154642661213,28.05214761152257,28.32725892019312,28.28640177999958,27.92372490808298,29.27528162040607,28.233779657146027,27.723198760118105,26.978274588100696,27.814332251821693,27.6570935509792,28.54116542960969,28.556652774319662,28.42806714271404,28.38875892370537
sp|P01857|IGHG1_HUMAN,IGHG1,28.03964139499779,27.922111790945934,27.992223959351875,27.824418643472967,29.206127967951,28.662619080098864,28.903975887102774,28.34445009585768,28.51127220103428,28.43531829513396,28.30455255165931,28.521372545334696,27.34340954636169,27.382807672250472,27.217777572861717,27.40327919839356,28.453516305386675,28.10089607643977,28.453739436099724,28.14151478777936,28.01213428489444,28.23431902031728,27.987201762951564,27.9119205925064,27.934533044806884,27.56629161077808,28.147424653677035,28.309656124681567,29.008371363688617,29.13331621605008,28.94755383876821,28.295091680402397,29.1767689087543,28.86502969750601,28.7710537706033,28.63082004963309,28.158900715848624,27.912654375644514,28.16696853016079,27.873916831655286,27.350583738154384,27.76031718330914,28.08197870237876,27.71755072794104,27.93719733252245,28.202207092256906,28.473229462187348,28.861917896535715,29.039856953071748,28.414384069272828
sp|P01859|IGHG2_HUMAN,IGHG2,26.899352364489232,26.881330130316027,26.904334416406503,26.687959548586985,27.689948415546503,27.700774921928502,27.650527596665437,26.992433675489035,25.827827131397665,25.915228056721084,25.782625676282244,25.658067723576966,27.26855867832373,26.994103789822024,26.981970804865668,26.96430784552493,26.299268911203,26.03187899179212,26.7426034496638,26.09186652574776,26.961338314815546,26.70416363870892,26.266662100410745,26.593535309176684,27.501033322820327,27.34247102917732,27.679952981126107,27.31584895484039,27.801043743490208,28.037543454131814,27.262113092436675,26.978193256292613,26.643517853991472,26.77507340572887,26.34312555109192,26.319093548439223,27.58169258874256,27.51164596654944,27.508022498035118,27.21647752485774,28.430026605716947,27.825276701488107,27.099119170443903,24.647426056631005,27.30089475379774,26.98531488963868,27.97411689571903,26.79195146843149,27.63647269523428,28.00547445319481
sp|P02452|CO1A1_HUMAN,COL1A1,20.866237154693412,20.831187378865028,20.87154079536107,20.80433208405931,19.640096213138463,20.2479273277707,19.97871918638923,19.66926442570621,20.606959884391443,20.40920378015436,20.43723469760654,20.54783535005473,20.84903167808856,20.6147246957556,20.50260226827009,20.707904105438853,20.816334838066737,20.556680796257268,20.538115294154355,20.692733108385333,25.050511899134644,25.515393386322003,25.48681579778628,25.37346712850521,23.95741043017626,23.599472728780384,23.76138343920877,23.67333389514685,20.648086617855192,20.328158904444805,20.53564026643191,20.68928004253777,22.458586596288256,22.4236836967128,22.44514335833499,22.24205134240461,20.530198201172983,20.568773637373244,20.413234773741912,20.431159072790464,21.359513246613627,21.22049254994867,21.40735902503234,21.023054103993594,20.989880698546216,21.32284311230759,21.777583725684888,21.55030172301461,20.927937071075764,21.225387962968377
sp|P02461|CO3A1_HUMAN,COL3A1,19.17679545611061,19.62369953222912,19.67598110735614,19.67015468021802,,,,,19.36897355554724,18.769995608166536,19.16568619020073,18.79549860051796,19.025429261079854,19.414625261982096,19.02699132422354,19.504369014462718,19.01042764050216,19.260457289154715,19.483294018618174,19.14141571734712,19.16592496477981,19.914597152613663,19.50474286189345,19.09369332833003,,18.78735653228291,18.729392078388557,,19.046987406670944,18.37900595860132,18.74050822407164,19.23266965938649,18.884914123887626,18.9134904913835,19.0635606420864,18.72233276729724,18.77302117351876,18.47766906405862,18.755538044655705,18.867120333735524,19.532739998296883,19.35966677266505,18.809566169075453,18.913100086893515,19.214885345296736,19.16741480670913,19.419924644215524,19.748540827104332,,18.801959898457696
sp|P02671|FIBA_HUMAN,FGA,22.722302786118306,22.8862699237568,22.539285624497325,21.887554999422203,22.846935461489696,22.42261297819992,23.115941519444583,23.35729101411617,22.64104162061964,22.4662768523488,22.5121783521682,22.497195806640764,22.33543156168271,22.35579140885704,22.033910856391262,22.45836014878195,22.50626701331744,22.88822805824396,22.586962323186544,22.53490029191132,22.645406003901257,21.42463775984419,22.983414159260832,22.50140114231062,21.72362181210514,21.79233892008129,22.08574425539284,21.91906593667447,21.961740946595267,21.6903389718819,22.306118813616603,22.33681075233615,22.62591738262355,23.22856262062849,23.6878279032036,23.399640652952627,22.91174620388312,23.067243364835797,23.38037972665206,23.06127158956661,23.23259455900421,21.9942894993341,22.64021322987149,23.031608337293225,22.984858719157263,22.698290549257194,21.960835970462448,23.289049127620245,23.160855728498287,23.32935881772304
sp|P02675|FIBB_HUMAN,FGB,23.229072407896663,23.367918943366348,22.59215909203116,22.423411543845315,23.09102298073162,22.8067080147188,22.995801115236144,23.681584053301066,23.39924971688912,23.01513985280017,23.17212082651041,23.41599544616818,22.395180724300356,22.433524918073477,22.075413832163974,22.58789012739697,23.31050245778227,23.52123386452174,23.607645664936136,22.904567738000825,24.075061552796857,22.02633082767089,23.867639738680342,23.28482562024616,23.242171947618356,22.91464616266806,23.137735416578344,23.386662573349074,22.90950980064854,22.853840140779056,22.81887680685601,22.340938633114156,22.54865588956151,23.717909885514903,23.861780299105057,23.579462444564424,23.16357271872417,23.341709688783126,23.637054094424307,23.32314021632676,23.56951448217843,22.725358472301348,23.24597183350823,23.506138264206704,23.336790710089808,23.136866617512112,22.479648525577836,23.452345033924583,23.792542298211742,23.6051870094259
sp|P02679|FIBG_HUMAN,FGG,23.57162258850457,23.593386039759103,22.97170411161086,22.52550533891967,23.0252845125259,22.89105858530313,22.824156458246293,23.750340717563848,23.32418308053648,22.76133231824187,23.03648904171543,23.19438059445934,23.105371673391712,23.274827338289512,22.93958730965215,23.20617283357873,22.67904400304798,23.195349674359274,23.483520100152703,22.39098619556117,23.67297483119256,21.09054309101437,23.42495510295501,22.674076589959345,22.87912707053775,22.87622119105664,22.635600408747948,23.02503424210873,23.307539458719614,23.243222962096784,23.118294700497056,22.48043499176569,22.79146971076226,24.052702921310942,24.27411375378024,24.019541906497363,23.07537570251503,23.357997843365467,23.53609216076589,23.277308849108536,23.53705491828479,22.99536115265316,23.23570138968069,23.44264129016694,23.318844352961957,23.02068941614104,22.45952740276776,23.570546103989265,23.722145192489545,23.657109100146908
sp|P02745|C1QA_HUMAN,C1QA,21.21467157449501,21.34952722894973,21.13502757319281,20.65624026874923,20.98959594636733,22.01362400803577,21.264265013513366,21.14188778160922,20.74275535799805,21.544021012504047,20.598250352119955,20.389778009656418,20.35467975828309,20.599868365421678,19.66618949140833,20.216333584499026,21.018451054248946,21.48918614574393,21.2336791551389,20.493188387340705,22.32436253289253,21.47885654876068,20.856545396734152,22.820033591074694,21.806753206582627,20.96487931758208,20.94678786232909,21.79619758250849,21.308938995335268,21.12374613574772,21.31521551135849,21.183755660616853,20.15023572138014,21.43951219771035,20.540513052469837,,20.28264892432532,20.07487099646857,20.13906631278689,20.58024162289938,20.529984827540883,21.26398455912935,21.12783401632009,21.30672621658911,20.87137456715713,20.493757904116,21.569862152889737,21.57711820569831,21.0085859486726,21.783690106164507
sp|P02746|C1QB_HUMAN,C1QB,22.88607654722989,23.1453021254629,23.04487043961893,23.030349517496028,21.873872471300587,22.093270778096905,22.143017396146018,21.903584621623207,22.5733309788299,22.636438579132676,22.55345456914688,22.29055047005202,22.819684212717863,22.78058898950868,22.72634195908174,22.9587230088447,23.232749495120306,23.2152630270766,22.73465091750523,23.038697025383684,22.517185322081453,23.111967035420225,22.85923128832693,22.708817341563865,22.452911835366084,22.447724788886596,22.796739623402377,22.3013700900579,22.55331488579047,22.417873433603805,22.61944464661521,22.56411256818706,22.252717949845664,22.36957540071278,22.321487833037786,22.35246434642263,22.411030086796032,22.39408267256305,22.38262855868351,22.605860626184107,22.07302165118201,22.680150122750625,22.650424957443107,22.806967584416977,22.51277134716792,21.951288102371947,22.965437142316915,22.672907964609852,22.13367975438491,23.17037285836611
sp|P02747|C1QC_HUMAN,C1QC,22.958310239009148,23.100441821258556,23.003557675154568,23.01974789799047,22.097941432823905,22.20389905824965,22.14887693879882,21.995865462700635,22.43591587851035,22.568551741926026,22.458053756256604,22.23004593157418,22.79991039333538,22.68643765713053,22.79053313468583,22.790316470080207,22.685027152118508,22.89204516263861,22.607016477041583,22.541643308766456,22.27314063379455,22.79795983084424,22.39659684630807,22.48090521134577,22.14908221316844,22.242836096950864,22.015262474965283,22.11713492216301,22.81911350962176,22.66377201079202,22.3706208593548,22.49365001128171,22.10115267142907,22.441080726380505,22.28347975159949,22.186987784416008,22.51325052519488,22.44297382017714,22.38406282842181,22.662837162039523,22.038647200945583,22.934578896632868,22.573124030471188,22.50989231555877,22.200092932285905,21.956946762979392,22.988800654362265,22.39224724644187,22.331772453811613,22.91483802385395
sp|P02748|CO9_HUMAN,C9,21.997582026690623,22.04118019259403,22.03096639600525,21.300675421137672,22.17206883873611,21.84718721981196,22.27497065170725,22.706496538492384,22.08148096055519,21.83324060846545,22.26419545485748,21.936998691157065,21.478420880918478,21.775049953238472,21.638223085650235,21.80546250753476,21.728754035914804,22.015634747839616,22.286272707740448,21.72215557101489,22.462013416309844,21.482582209498748,22.40785681137421,21.78780008613756,21.84718721981196,21.640339078368186,21.79697730115007,22.485392053211207,22.06181011187165,21.97056594309688,21.84816527878907,21.967030459937604,21.364574612592897,22.34680563898239,22.397779570456045,22.72763729260846,21.79032475709568,22.24178723486356,22.30716981746929,21.98709381937552,21.85678859856048,21.63380954727177,21.800381682317266,21.859894996316733,22.2472624832494,21.62788695809069,22.4691708762796,22.80607412959339,22.26335529652373,22.708122218808967
sp|P02751|FINC_HUMAN,FN1,23.16129045066772,23.200183901442752,22.99407765373109,22.79335101863754,22.44956300832465,21.96838272675167,22.06906245542529,22.60164066167026,23.337635170852444,22.88172485367118,23.26558227523301,23.28999183007041,23.18705705731221,23.322840225818315,23.035472102529624,23.303801079896942,23.40159164639933,23.79972891839924,24.03910456388721,23.04167759086588,23.829027989381306,23.272131588669,23.88199700142892,23.42321356580445,23.070209608242287,22.797852427249666,22.50394274310324,22.970459069219665,23.04142813983508,23.100932431558387,22.93889581089685,22.813738969152777,22.63689253179295,23.28701713680518,23.28080543533591,23.351683927789125,22.56937798553798,22.71747452362216,22.78534796689336,22.899171144252385,22.51890630031365,23.7278934707467,23.407327139547384,23.79351908330422,22.99584344852881,23.120909174282197,23.34919618575169,22.904785915174248,22.88546447776143,22.985569302090703
sp|P02766|TTHY_HUMAN,TTR,26.10344297657194,25.97266500208157,25.94559322323857,26.37760010124204,25.42977546062625,25.57017058934976,25.41426861673192,25.23020338798056,26.225254424885648,26.196780424857774,26.03286341580764,26.07821905105466,27.01192575099903,26.59169724152565,26.235754955397542,26.71062743761005,25.997394286618544,26.200153685498613,26.50373405547106,26.051286656542537,25.739030783687596,25.64523823153234,25.27696300734829,26.20033505769824,27.27671724325701,26.667702496681624,27.00472283164029,26.856290332706884,26.34976888155138,26.74397223558668,25.966771025210267,25.164476562104632,25.930315034830837,25.885390122490108,25.683038853753548,25.70279991923009,25.39788954101358,25.524667217646947,25.457729871024384,25.721133429156776,25.440824093710223,26.408759988481886,26.288172499898792,25.228043175829804,25.57093320784068,25.65642136077276,26.480638866419145,25.81367386276433,25.39260945446252,25.79657799924031
sp|P03952|KLKB1_HUMAN,KLKB1,20.028781154805355,20.00286802543604,20.217787556980923,19.413689708813436,20.5566106384081,20.14025008616512,20.623113832133942,20.244485804061725,19.63195805239744,19.66909617590692,19.733427627677425,19.57860638969913,,,,,19.626539630598767,19.813525071002992,19.64513475976406,19.5842417670016,19.859536501309325,19.40234409562483,19.68747589654407,20.283492514039477,,19.29727598145198,19.33186934703306,,19.26794437004091,18.749498623185907,19.7691025275547,19.998144363733477,20.081719619225883,19.887063850482768,20.32882845371021,20.37595390688825,20.38537621905727,20.267741694959728,20.514666625615884,20.149483671443136,20.56215003077024,19.385828460775,19.521242272820214,19.58199441329104,20.026391975707696,20.453538066352447,19.451284871096817,20.59573241109929,20.517511168320723,20.007251140807377
sp|P04004|VTNC_HUMAN,VTN,22.69407144976662,22.16039238564824,21.580441555733454,21.06368436033233,23.04197715038419,21.968156681577767,21.997649203383567,23.59169472677764,23.14619792403673,21.93545177830178,22.945703872294548,22.795322223876884,20.955392979241488,21.84456348597858,20.8881174808564,21.14697289169389,21.607111134974843,22.610443190472974,23.041050632874047,21.494940993764477,22.85766550304708,21.354853488210864,22.89717854131955,22.114086366386797,22.457631098516504,22.803331604121293,21.55647395104339,22.761631675250023,22.629933132452315,23.082306523507132,22.208089364427718,22.052543114391028,21.82141087936373,23.441846136150584,23.343008700231245,23.639689363363857,21.840484707458582,22.45706379895119,22.955970396023908,22.89078813324544,22.12953742734564,22.29029956620925,22.13730140152362,22.312113949683976,22.81030792010997,21.933464683590948,21.64914689806776,23.277384783240414,22.664292135588887,22.524790947201534
sp|P05067|A4_HUMAN,APP,22.914581516231088,22.895978298860147,22.339116416158262,22.008743552926543,20.680879244466364,19.95028074904168,20.385252710049045,21.492200289467554,23.78115529685428,22.8816672201581,23.645510026211785,23.31601860561188,23.30182006395257,23.680451539738133,23.417356560614245,23.46505979626389,23.078365202741328,23.75521561861408,23.091760072563986,22.466150418968937,22.586064012422803,22.00282145544656,23.03260130225976,21.803005015260524,21.918505432389452,22.480728132547693,21.743666054547976,21.71426754564334,22.65749881838737,23.08104262069484,23.306768592272253,22.97159478746217,20.973451234876915,22.00587197627631,22.36364291959309,22.632227158628293,21.881236333465424,22.372135103278573,22.404886318985103,22.862277525682597,21.476351133266117,22.58059654820976,23.493635126541022,23.54564087122041,23.16124191029117,22.957228472950767,22.81688797005577,22.65444772894009,21.996892569788773,22.33636899894116
sp|P05155|IC1_HUMAN,SERPING1,22.674985775617976,22.18653257896909,22.41677349607459,22.06820509348549,23.29086132546336,23.510022313697725,22.4419632455418,21.8799276078918,21.71092679093501,21.950542363081578,22.003396702427978,21.703386340676463,22.17782278572995,22.337948378126757,22.31878349209342,21.828219033085823,21.28713712013156,22.930544805258386,23.032899571384096,22.993925818163163,22.0799406327468,22.6171119072485,22.12423750518392,22.832081399651496,22.847914438214577,21.921768879904032,22.607406890491905,22.68922899062717,21.53168965376624,22.380001932221,21.72600698216958,22.549064034039624,24.511492986236323,23.94657133839964,22.0575401749133,22.181465301343675,22.37756615556517,22.103034616280297,22.48099216237557,22.358996739499243,23.979521555044087,23.87388097396896,22.384596724061545,21.83447944330718,22.28847512703741,22.03881027833244,22.44931600479349,22.493126071943237,22.87306864158701,22.41585871021527
sp|P05156|CFAI_HUMAN,CFI,22.130179424995205,22.01652392277278,22.04324417249689,22.012566725499507,22.31729558655235,22.410973627240487,22.43034823687455,22.18167724363343,22.375503230712653,22.70100433224376,22.4060741441382,22.25147414231904,21.763846168851504,21.94302573772533,21.704654978387413,21.84718721981196,21.87893347446195,22.34999911904959,22.78292926084504,22.384091073147093,22.69237340908195,22.26216023204285,22.213172131273,22.574537591775403,22.60058812017665,21.863989942090967,22.02286802681491,22.432632359420325,21.84718721981196,21.639086553500867,21.46786835580744,21.73843721395324,22.84885316791792,23.03417386035473,22.645416451744698,22.665341282022084,22.350895613385745,22.018217320880357,22.19856496381511,21.93113634824199,22.53171620197368,22.19108295329604,22.056395236791605,21.935270984805708,22.23624286534099,22.139361976271708,21.84471560708674,22.37241944556942,22.964067497114797,22.232833664246243
sp|P06312|KV401_HUMAN,IGKV4-1,22.12242720070712,21.97688988295592,21.43832231544338,21.30691730515587,23.483053343804585,23.66627609614217,23.62493925725312,23.317609667517804,21.709047964562696,21.90966902934104,21.76371275641957,21.7597721910302,21.499196426325696,21.454771121830422,20.927303882921123,21.39030533675843,21.073086508839168,21.38576533196293,21.33646003893882,20.98546485027856,22.43177147055161,22.09184352944875,22.08528343904043,22.43749881344454,22.856961489753783,22.401543936302883,22.160508423729027,22.689998422229287,21.851878434494584,22.42593888391492,22.336896932937687,23.16340756295934,22.793229542161136,22.92701369754105,22.32113237098087,22.539084058527568,23.04180879575396,22.85546706309049,23.04215359045179,22.860185427225613,23.553501483453687,22.45296866698381,21.61514230046813,21.594209930151,22.67014191306824,21.723016663176686,22.97554021082199,22.952851679550307,23.341949944526927,23.082885459249518
sp|P06681|CO2_HUMAN,C2,20.959855507930268,21.107108685282483,21.021326747725656,21.031623558611663,21.099377709765147,21.118674184253532,21.38301382227889,21.25765065095995,20.46780713645613,20.78890786994371,20.667122087903724,20.61260664315452,20.743022620016752,20.66643637026674,20.612984136540213,20.56435714937995,21.05418087965608,20.994287754827827,20.937374090500924,21.35457781341379,21.35113528013652,21.48726174691333,20.895299370810072,21.41501891505412,20.993915062284103,21.09710225351058,21.347827115300067,21.075078747897265,20.586749428454915,20.65520896884687,20.464498879215174,20.165303787772935,21.37366742454675,20.91340411307617,20.953978856284294,21.059886775983937,20.871160123035647,20.69623255205633,20.830546351221297,20.76458221978148,20.929375465797403,20.67523806005982,20.550342753215965,20.398007963711432,20.92033939351752,20.86661199703354,20.72570390011488,21.483024577339133,21.219240448385897,21.14137131722784
sp|P07225|PROS_HUMAN,PROS1,22.20367333440588,22.15505110285432,22.16007283489033,22.046241684720176,21.74603584166052,21.95819851400037,21.924331673002463,21.69392437333784,22.010547884192214,22.01302026638008,21.95439118070888,21.72687109888988,22.38472655553468,22.329331117907167,22.240527594356283,22.4197378799612,22.24115528174747,22.369170537547483,22.33042761917782,22.46858442067617,21.815811553022893,21.95121906367087,21.73966200028365,21.954541820834248,22.46765621742599,22.26652691519627,22.37353883311681,22.274767147311938,21.433880232053088,21.37907658955796,21.27834254018873,21.223654541720805,22.260266111138765,21.950730941945785,21.78814616063277,22.07141051777016,22.26187501867266,22.08176246782018,22.176212661876217,22.0466236755717,22.32709685802164,22.36645456037609,22.077966754901496,22.034360147527973,22.111537546771974,21.87143356965137,22.49323399917641,22.31504780278276,22.18734362237339,22.355780943381134
sp|P07339|CATD_HUMAN,CTSD,22.14844076854485,22.32009484680927,22.385903901713604,22.2540151892538,20.78419649726259,21.263800886312367,21.164345499936267,21.3850244184323,21.86868048355951,22.013066898030477,21.845544050126257,21.94229853559752,22.97971870177911,22.852783364304557,23.018572689658697,22.89061018363518,22.673525429303528,22.73225045687501,22.628508589831064,22.5188063197303,21.75691234916897,21.840438401477705,21.614244485231342,21.960083555786024,22.45901309637744,22.9594850966773,22.955028738119143,22.45460003821876,22.42262517925461,22.201815435607163,22.441342547535427,22.470616738798697,21.392273748260887,21.91201902747193,21.729428393194155,21.82739753588628,21.60259702806829,21.704523419988487,21.636758457795683,21.81927599888436,21.233835432801424,21.80981922918209,21.84818797964961,21.667388194810176,21.936001652448024,21.665903488754427,22.02034218402815,21.94729863221901,21.283968990992733,21.82410368805441
sp|P07357|CO8A_HUMAN,C8A,20.674599454828705,20.486391814431972,20.488416222021147,20.37798677006157,21.615238823202592,21.500908129291552,21.38236498716056,21.231033569324723,20.858684656842104,20.9210841685709,20.8889650007585,20.404931746745007,19.99184242810234,19.95307958581573,19.67183955902003,20.10108573697917,21.158077944580494,21.47122769375816,21.25812201191147,21.41166207731115,21.22772200816048,21.03882076157867,21.1319410297316,21.345093755406047,21.30455495510632,21.11107462183504,21.278062230687933,21.35527914062032,20.736961833750417,20.587182469478694,20.607317649710968,20.32957720713354,21.194689040105317,21.08350026864024,21.33493420718908,21.040580034795017,20.90581285166764,20.77244562069092,21.084964276264262,20.589623835997337,21.3995410628321,20.822756228399893,20.46704535805629,20.21307448156545,21.36537527804221,20.45918523150347,20.64525999244377,21.703347591537295,21.56130182000456,21.13464371928448
sp|P07358|CO8B_HUMAN,C8B,20.448292297182448,20.30814725185684,20.188752789707756,20.074523262066258,20.923888053860903,21.17579730620777,21.167139829244256,20.969508790509423,20.3070855821303,20.4699758264707,20.238893061212373,20.18164970666601,19.42402565267188,19.58185737773808,19.34187529944891,19.394662595520064,19.86826710227264,19.71078755521389,20.150155642193376,19.95835692279507,20.879372801034304,20.52332469877507,20.437441152045544,20.992056171736717,20.40814802628701,20.009451800593364,20.381947999383648,20.4324188904973,20.42718053459847,20.20967879487026,19.588175518928534,19.57613327894193,20.004229023139064,20.752326041920025,20.5596055298078,20.804028541081685,19.91205924639411,19.82534627264479,19.892347162582595,19.590433073821607,20.336849007171413,20.072838147799192,19.909525663395147,19.67097095674156,20.94830833246224,20.369585014345372,20.05536372356195,21.202853755823597,21.27582597792996,20.688319737515595
sp|P07360|CO8G_HUMAN,C8G,20.755975156169452,20.87974895212507,20.58248492614664,20.63853793511322,21.0955643599579,21.133973602031748,21.149674209739672,21.13069921454629,20.76894419160081,20.68661987892352,20.895845310419823,20.53941768314677,20.201129350343432,20.138097802953855,20.05865470104152,19.93201445251582,20.637257073506884,20.619805122331734,20.85260440109117,20.75422707994167,20.86936367391817,20.70663587540741,20.74233746150322,20.837309167134197,21.1159766929188,20.643357152982347,20.730356067734785,21.19598210568729,20.897834259041733,20.428632365500757,20.18065183970529,20.383937008401062,20.95435805182474,21.08840450613313,21.042986013853763,21.271558710422024,20.93178324678086,20.983087664487357,21.010560406979334,20.94500440193918,21.527835786513357,20.73389870333284,20.275113372110805,20.330201911117197,21.493201162333545,20.895876211719628,20.29476799057742,21.341656658224704,21.450728087005015,21.09565345191009
sp|P07711|CATL1_HUMAN,CTSL,20.164836876802685,19.99963236176101,19.534930709614013,19.1703153854398,,,,,20.25586336684407,19.395922849713937,20.20365963582284,19.630313710308226,20.06475480381625,20.80149410799144,20.370005139267484,20.93363296438607,19.907690642592847,20.609742050108565,19.88276881697341,19.402966086240305,20.4174250284994,18.981554835822376,20.00275641953153,19.883374365378145,19.51835873278873,19.78411858517537,18.939627844193566,20.11325239152893,20.32032409024766,19.962968134378063,20.044353094205345,19.91800747767942,,18.389851128589203,19.13140832940848,19.04786516945149,18.70401370719694,18.77007298656954,19.40982966681115,19.28681617334524,19.04039289101027,19.701726413260857,20.06450960267125,19.96796549864897,20.0252430339649,19.310547444248343,19.748182624784743,20.182536132535837,18.42210396406388,19.765672913919595
sp|P08123|CO1A2_HUMAN,COL1A2,20.23318887586839,20.43770945855614,20.450340170745047,20.343076758147408,,,,,20.03708240121595,19.7724633284236,20.102180202384886,19.753825989277583,20.41148307926728,20.33156977094221,20.09339662410613,20.454554383011065,20.30676370053732,20.132561828240966,20.24825342791049,20.09971149770529,,20.427484737457277,20.35686799619495,19.92661019795861,20.13331071902982,20.624862681833637,20.876500074159225,20.23236854859794,19.645574623013367,19.01798215788536,20.61838718774404,20.7307903215979,19.819382336678306,19.81914153265324,20.081647736717244,19.73276730584876,,,,,19.99443988850378,19.90059448879236,19.921450577596072,19.48243527015815,19.70157116042409,19.832975618469945,19.98302966669664,20.34290730403146,,20.074085324354357
sp|P08253|MMP2_HUMAN,MMP2,20.570433065442234,20.50570959125326,20.490600424755197,20.18225364917048,19.653403586482337,19.848877717856208,19.7757459049085,19.76890952074492,20.38730186060992,20.32749388864621,20.3784295483936,20.04392092913285,20.5124607745965,20.38770792211231,20.33065462608553,20.530537729969748,20.49981723215588,20.8441568168224,21.46282143951508,20.644314875662488,20.952103803050875,20.538546740230405,20.7624382465414,20.88451212011475,21.42886568220443,20.652813672549915,20.773076765236343,21.215000335324863,20.795022121712726,20.606135948998578,20.22113424644509,20.392179915881535,20.18052888883908,20.63467878929681,20.627201397493717,20.33137345503708,19.36884518315765,19.20800507272584,19.442483324283995,19.44886179259157,20.3159526014048,20.828077696239177,20.575319861753385,20.150230095683423,20.139812759760083,20.247642377054657,20.86126670821298,20.89405259267682,20.556206900184915,20.719432431079028
sp|P08603|CFAH_HUMAN,CFH,23.16469117595352,23.21215599994046,22.8728411543958,22.96083755744533,23.502001032911693,23.232473152446023,23.707524702110863,23.50520271408264,22.86147646921096,22.86017533851209,22.871311346277725,22.58159675679808,23.244368084447466,23.237066877736048,23.12044433216169,23.364645762343365,23.502195532157987,23.54384110404246,23.417161179557564,23.582964087857874,23.43570120118404,23.584661310577168,23.57224781945996,23.63590225595162,23.32087959970981,23.074660039822604,23.482968792115585,23.308314157972795,23.13811195275148,23.04158447488376,22.961077663096276,22.989166153777184,23.5703950548071,23.421853192956508,23.487667216082272,23.431076248809152,23.23686021529221,23.10115441698375,23.1842573850726,23.205892645162123,23.159029316998165,23.217518426872758,23.182165337358438,23.19231202441205,23.09652791168267,23.107482889370218,23.35838787517776,23.54511327386941,23.362518287994742,23.23619113649307
sp|P09486|SPRC_HUMAN,SPARC,21.008196461219,21.153919150053326,20.64166284237307,20.55773801505821,20.355443178225457,19.12903255527742,19.222175470208608,20.18157228575168,21.617162759111228,20.909702234221545,21.65104518080645,21.71099686938503,21.927170998482048,21.878376462238315,21.95929594958208,21.7571150588054,21.008191316116942,21.540565889762146,21.19286583043578,20.67308650108351,20.335288245088005,19.90362220728773,20.91054260131964,19.37932630609692,21.428411744561316,21.62712913569122,20.540319742081945,21.30917632898029,20.86380295071568,21.263652603181686,21.06311726920958,20.76282268285974,20.05566140030953,21.02375668610446,20.750796337723024,21.25619027756931,20.403060601348397,21.042921241441576,20.981440436194116,21.073752664686456,20.82251747188281,21.17048503908743,21.59227061960612,20.94716651601532,21.26278504784889,20.568866512012963,21.334531184629743,21.514005953178987,20.73321660416055,21.00515283593948
sp|P09871|C1S_HUMAN,C1S,23.43630023388811,23.44935991414465,23.340394553934168,22.982300915848857,22.85724469386004,22.1158817283714,22.65928893861034,22.956093962226088,23.528543676431617,23.46444623496785,23.54725206987456,23.37947662988058,23.41896612758192,23.50964665381022,23.38289974244936,23.65932679812672,23.58243923076076,23.764123343344757,23.44308339635464,23.335087880325883,23.28557418565611,23.264658912927327,23.40704759411666,22.925151512166103,23.39498721533036,23.34133828775716,23.341772517818885,23.37326002752728,23.130404710598004,23.14921707693965,23.1000592268887,23.101577400415696,22.35755215711305,23.3648193658982,23.610534568145845,23.627596983623683,23.00256144611552,23.190225233400096,23.217765027566237,23.370652724362337,22.5840353461632,23.385716183354496,23.495736458812644,23.39295196853369,23.277215156702656,22.83169299987405,23.691877882645144,23.34585369731998,23.03857594818932,23.466025370992288
sp|P0C0L4|CO4A_HUMAN,C4A,22.168052188449785,22.33300040459056,22.1737151203857,21.90806182560424,22.148923720802426,22.1522440354797,22.037315379315427,22.320431221403,22.958591876351505,22.828122157563733,23.02162899107393,22.592607074863917,22.761857748145196,22.982191247368625,22.701420323368648,22.90724765785943,22.353285325766056,22.70021749481922,23.046256363791297,22.114975620934494,21.861651552782558,21.13069827894163,21.65560245088297,21.969720748970648,22.363404198325536,21.78607543175193,21.869206382777044,22.395685136376663,22.83048887829029,23.07779437522993,22.387546845952176,22.70362589838836,23.24590026144906,23.645827712192823,23.54484837076172,23.85289947314377,23.07035679273114,23.356877891678398,23.492330381896373,23.532136784757512,22.507268085201147,23.215856713051128,21.33549537986817,21.22532656864641,22.961527934273057,22.131389977751954,22.75714129720202,22.76422511851687,22.55556512506821,23.16196577552773
sp|P0C0L5|CO4B_HUMAN,C4B,24.209594276563383,24.27558538048674,24.092730194850933,23.98853929430568,24.99305886005096,24.786118883566573,24.7813299827972,24.963380210241763,25.345410761878508,25.266530960494677,25.38827242860842,25.40743684240245,24.74020920994089,24.820183602842604,24.539328332058343,24.712561686750757,25.16681203601044,25.32939157354815,25.474079328217428,25.000971891502047,25.226680715134496,24.906597213168723,25.07456484422394,25.1210277840028,25.047703542937175,24.754419470776757,24.69670625042782,25.10432269213553,24.538628007667565,24.61745925716944,24.30040072565849,24.343861078876053,25.1392795833687,25.277858557563864,25.10124455881636,25.18258898277388,24.869507502394622,24.930623566448915,25.150765929521278,25.149443484372576,24.955710970285367,25.49537359469444,24.52146622126113,24.461088281006035,25.011583937395947,24.21848185235981,24.74389640457477,25.22261300244695,25.109652516541917,25.09213542930031
sp|P0DOY2|IGLC2_HUMAN,IGLC2,25.628081272577635,25.968133183294235,25.992905308192583,25.651665997912293,26.680380722623436,25.65385822264544,26.74442186786272,26.698574666904047,25.668434761555325,25.70995437208464,25.93024515001576,26.009526536836866,25.70213596529601,25.464715810883963,25.219460816379197,25.287274688611976,25.75048632148377,25.4160498357206,24.45007007061811,25.58682053071797,25.589169230563705,26.61539629102238,26.266442851858432,25.263780208156827,25.647034914919693,26.51293696453164,27.025337417348027,25.848222105977715,26.127424844997822,25.695429421982716,27.08473294254718,27.38258854087176,27.34229327657759,26.09352716230086,26.78088157832492,27.06732342364582,26.549725947180388,26.50961171728926,27.028997133830227,26.5034209853854,27.22323723159017,25.1454189197082,26.351181238663173,25.96717953960981,26.084195514992757,25.61177772191853,26.432041290281305,26.373116853373027,25.780126544748065,26.40396530098185
sp|P10451|OSTP_HUMAN,SPP1,25.92804558777048,26.036361311787537,25.48810819490985,25.470719999187992,24.262509924675356,23.725663802096857,24.404290546696352,24.71103456322214,26.23066039690545,26.03969804096036,26.22364041917529,25.66284510978145,25.25868360819802,25.841408841450047,25.26272458956277,25.7376277807262,24.98258256293357,25.735915195649163,25.22886225757225,24.91418233579989,24.71910095222851,24.78009509453958,25.517775174509207,24.62231447652923,24.79661640534469,25.20401141813352,24.91016541782017,24.770098936969628,25.09841323208442,25.761325986630776,25.34011687597992,25.01112239311456,24.68542978331364,24.92725584090855,25.504429754193065,25.676522812329143,24.728481747361425,24.84427966282368,24.83900769470652,25.348111226221143,24.20989754647131,25.52231511279384,25.04476910319693,25.35286333680796,25.433981673120677,24.747245374994097,25.379319496092883,25.083785508742032,24.25355815336352,25.54506586973413
sp|P10643|CO7_HUMAN,C7,22.30796379312922,22.52809351848276,22.476594541332734,22.31448939602121,22.45740339092443,22.420265656556577,22.305750037526277,22.38313263816816,21.890180209916057,22.056935397936485,22.086844317233627,21.866670650016,21.976131074864877,21.934366329658467,21.84156839948401,22.021454055084067,23.05962693981203,23.052515368864626,23.059143322074465,22.822404485727613,22.627431522899037,22.57328242338806,22.529659069039184,22.5389472745054,22.52557493817345,22.17816439818113,22.41714943472898,22.64246072587821,21.820259807733397,21.68702747531549,21.369387503678816,21.33981605186703,22.111778346311144,22.49423516137736,22.318503880169917,22.47176723862085,21.87228232443019,21.705809237431176,21.976493793597392,21.845416552807556,22.278890890712443,22.609513286166383,22.553571070618,21.91534616904028,21.61592571919423,22.15007954755316,22.6128529302856,22.503136112943427,22.59801172704688,22.579531075185145
sp|P10909|CLUS_HUMAN,CLU,27.67692405250228,27.46438761022936,27.118933296022824,27.2790334699306,26.54985654977234,26.43816188521437,26.529747359014063,26.636649401824748,27.44445184104425,27.338840315528007,27.238467074520567,27.238761978837747,27.362395494246854,27.290053055410056,26.7595588675171,27.31513307943875,27.719277809440825,27.60146228221977,27.625289088778867,27.849053474989187,27.08045228922317,27.54140800401589,27.19714685650336,27.288768401997107,27.30692652366128,27.316820068210177,27.324375864661985,27.07476110961016,27.09330703203748,27.01322127009156,26.97676121602683,26.98664628213002,26.84390858066429,27.263960252967426,27.21946728748215,27.409165503404896,26.75924061747037,26.75639689860931,26.654924324551367,26.87830385211738,26.7250174038124,27.072458468579697,27.61637579407478,27.50694487886452,26.937469256560966,27.008693566826384,27.215843990304744,26.9728398104492,26.559875448941103,27.194821066596912
sp|P12109|CO6A1_HUMAN,COL6A1,21.2252779073445,21.21405921395673,21.216427607031093,21.077714932255,19.940514401820305,20.1192891904482,20.00515022411331,19.97847741421029,21.537020959243712,21.556927733227,21.485121585360886,21.312125360859365,21.315418762301867,21.301862679821674,21.26692073821913,21.355306195028035,21.36104010537361,21.420194294286663,21.402030481601116,21.29771260429785,21.5765544758727,21.46148361814779,21.210961263335783,21.546609037693543,21.320588528833955,20.86572723693356,21.133844018037347,20.974852039055648,21.35701477787429,21.2045468149512,21.252475893785185,21.21079011510585,21.231719143560365,21.15518876445832,21.16867349538624,21.15058442415874,21.04803486933548,21.062622675729607,21.02453130713528,21.266398830302613,20.929679618683583,21.658674104730828,21.656249259375443,21.34853299626806,21.331399279955328,21.40687762144922,21.580806576174044,21.159678787077272,21.19059697626017,21.29502296058984
sp|P13591|NCAM1_HUMAN,NCAM1,23.324750207729224,23.27608919462958,22.926709430456658,22.75467749076211,21.69276429977084,21.49666944794202,21.47393651031062,21.61416559819837,23.485944545379724,23.25583087606524,23.53953513373457,23.150357236590636,22.923084172263135,23.03082227678138,22.87146864080336,23.07167210961262,23.05363748274809,23.38239676876807,22.991880877450484,22.579702812948327,23.25724683775943,22.989694983471903,23.433641829640656,22.94348028351044,22.48302262878483,22.328503128648048,22.106365504745085,22.448437371518573,22.99100841987587,23.049089185965755,23.22743571110805,22.79119852633266,22.486582861270065,22.73931704398877,22.91659609396606,23.05359712476683,22.45744262582019,22.510974081757663,22.60083562153157,22.75061497705984,22.340744975085773,23.328499222948,23.359939670570903,23.558085796592888,23.129287871865152,23.007488709914387,23.253456380087364,22.87158350303051,22.60009973038712,22.946186559267204
sp|P13671|CO6_HUMAN,C6,20.4503669388706,20.41271791044145,20.33934247951531,19.880743843152963,21.075847037561758,21.05790149506953,20.966623664352763,20.95442869652845,20.07865372962708,19.89454541183395,19.9620621937605,19.99131439905862,19.594703301426968,19.42954027343468,19.64822956282593,19.624549315024623,20.447383950781948,20.568400985985686,20.737065965234837,20.4983584237517,21.06320084931888,20.558507514569875,20.755182500855344,20.805345850046773,21.15022070507457,20.648388880823266,20.707703057523997,21.11914977446725,20.494727066693336,19.994675544658595,19.60798531932672,19.663982894934456,20.66211266580765,20.75900381776273,20.657860569712387,20.72002393927196,20.53189311054277,20.526790746008107,20.64493137580217,20.311125802691485,21.292197697775755,20.263295891499038,20.214087386145376,19.984436255148356,20.670219711567228,20.742620465181155,20.11010449146451,21.0113740235006,21.38530898851243,20.845428775439117
sp|P16035|TIMP2_HUMAN,TIMP2,21.039350927237603,21.02561508821059,21.14097388092177,20.64191917322272,20.50460156912564,20.224349079256942,20.37762763945493,20.13509354199974,20.987802659693862,21.24709682438248,21.15496400592989,20.61737720932987,21.403555509337988,21.383560560620527,21.115858147804246,21.669541697045755,20.84959344250044,21.34331569622385,20.851423948882584,20.84643363096965,,20.82477805954316,20.509646052204435,,20.40911553074165,20.82200657600429,21.16826647615712,20.414032977440723,20.56408126136529,20.191220118993257,20.77207971855662,20.650508638051704,20.921817266564823,20.675848790651468,21.33299806128171,21.14851211020892,20.902148121445368,20.637150735422125,20.85153937556588,20.719181690640163,20.87674148874452,20.676784411780936,20.711081373594546,20.576867249093453,20.95204366874748,20.22993005262736,21.42948600462578,21.330782506240222,20.37823303148109,21.19425987354941
sp|P16070|CD44_HUMAN,CD44,23.081420492408043,23.27790581914049,22.585949395487376,22.969980141554785,21.950488335354414,22.609964505112732,22.070499535462524,21.920143604444966,23.019534456694096,22.857442533394178,22.268181408954188,22.58431836773502,22.750931674675723,22.5625055312944,22.52683423609235,22.41161413713159,22.978467490582997,23.358499154053472,23.486036263554617,23.17122406962141,22.957708522247,23.143655328932933,22.77586907327485,23.609037317803683,23.42054007540732,22.87566353435502,23.027372600768544,23.55302272283676,23.238669052097865,23.160060043365934,22.71520365301396,,22.80825524325063,22.83965737316364,22.40641163238746,22.28654322819788,22.274022207923444,,21.722431319258146,21.962770790425218,21.88722426522465,22.94875431378676,23.22561507468922,22.424290794899697,22.63395806441009,22.50934146518944,,23.166531569025413,22.65268395356229,23.130687564513803
sp|P23142|FBLN1_HUMAN,FBLN1,22.882025232552216,22.91790476471336,22.69651949604953,22.686048840435426,22.15020379476058,22.35209759594159,22.26300760183337,22.20830838216902,22.903704992547667,22.894614367621585,22.857542294835334,22.54736749145816,23.08141757159246,23.18332672417616,23.037478417141912,23.145665285545867,23.112875921737704,23.265092265464293,23.1607941337088,23.153721344002907,23.05310234831126,23.19702673600005,22.89553076708602,23.26490018910967,23.22293477216744,23.30646094047971,23.25435136865335,23.250809093561585,22.862043982992667,22.932915798541828,22.4992177779456,22.313255770500238,22.812154273677287,23.13563657312375,22.905154338446003,22.862048803149385,22.25359815936452,22.086459432759085,22.084373891321043,22.433718534335817,22.450909626156346,23.27431006763179,23.000865261387265,22.56081044755029,22.422889749450245,22.659808048659293,22.97883751308889,22.75094110154719,22.43618389460128,22.72330042584737
sp|P23284|PPIB_HUMAN,PPIB,19.931380249266372,19.998709188182925,20.02209848670378,19.94515092498153,19.059263585101377,,19.37794382562701,19.392079993073104,19.76316615417587,19.79093381149113,19.64253677142888,19.540392900588717,20.63266241010937,20.548505805607203,20.705600882470744,20.74143500400381,20.716058883107877,20.26423754202351,20.693430371853005,20.481667832536655,19.5777577052184,19.410406598266118,19.424872630081296,19.646823685110828,20.568118441777735,20.45927432609727,20.218806893178197,20.274623312202078,20.342883972818917,20.1006887551478,20.18498401661563,20.14393073211752,19.28958391489564,19.49022282092192,19.631847420872965,19.79769797972965,19.699703314764108,19.732717565619197,19.64046203766694,19.71231196169536,19.99788357662652,20.18442597880359,19.985636199397828,20.092335878696797,20.11280711394878,20.306537865690725,20.4782812998099,20.1725399743872,19.82919957448505,20.19794302975116
sp|P39060|COIA1_HUMAN,COL18A1,20.975919117406875,21.05946868744613,21.200788771996574,21.112708556027147,20.160783069657175,20.444656831032308,20.1118630482217,20.0813593093872,20.513282771878227,20.620355413992,20.644927924537217,20.744730645523333,21.019100095943955,20.806737242004235,20.89795429797528,20.73140696247157,21.18765751755757,21.245940267705837,21.1946948581983,21.380215441060244,21.208655330830307,21.554168991727472,21.22009349180902,21.35493148788001,21.240689722023305,21.19044519820193,21.3091684719933,21.12724106949642,20.75096855751701,20.69053454731181,20.70159514366746,20.67334382874369,21.35901681451325,21.003295467134947,20.95005439035717,20.63613691681612,20.68980517809655,20.549240899057004,20.584891354929105,20.674665123786365,20.608244347841627,21.074275972727232,20.832646822253523,21.10849749266122,20.835305886594856,20.97791911716346,21.28672737065697,21.14461540971338,21.042461909619004,20.85022714162279
sp|P51884|LUM_HUMAN,LUM,22.09568570531085,22.040751485248684,22.27818192773452,22.214186355483942,22.22078273424783,21.967894811713357,22.145633886069444,21.67521336579876,21.563567441151235,21.70432367199548,21.606235503665488,21.747711959279965,22.282066588599,22.09392770081087,22.179006527302125,22.172402328363248,22.73401846554757,22.880060971002,22.74861798187683,23.136029298732872,22.9785997184712,23.034477941681278,22.736111794013144,23.174647095271748,22.629804440709982,22.32347348713344,22.600692952139035,22.764453316202456,22.046227912205595,21.992214421489702,22.139205122755094,22.191740652190788,22.62727370985658,22.562354886483728,22.31848325763832,22.109527665874467,22.343135135655668,21.880568707406763,22.004736342421293,21.740153926122723,22.741686902001263,22.24963533168449,22.14162162122349,21.819593014435608,22.114805023077253,22.3756026211658,22.147959926104395,22.307393299915592,22.651366836647508,22.252935684449195
sp|P55083|MFAP4_HUMAN,MFAP4,21.1634228862474,21.13826415674009,21.23982838301069,21.722500480260845,21.63536384828032,21.173036094334638,20.25391815347778,20.344414103116257,20.954538399775625,21.27835342430134,21.016535634213582,20.544954521723135,21.082539667148986,21.29243585699965,20.393156574396937,21.43194737932712,21.67405784861213,21.50183731132498,21.970319808821944,21.61504227842696,22.23098800822475,21.96971251396107,21.39272137211716,22.31325956748092,21.544641554027866,21.28935980020693,21.21375398650531,21.60573958262384,21.868701976857597,22.001153357577365,,,,19.421396603176817,19.061991498556637,,21.2006522439824,20.381003168317797,20.83138440653661,20.270231865408604,21.601041602265173,22.40563637216156,21.28445210205746,20.88300481287181,20.94870215020743,21.328663020146383,21.78064512330045,20.653569631294,21.59639097873104,21.09677106050253
sp|P60709|ACTB_HUMAN,ACTB,22.961717688298844,22.98772728604467,23.62183125712188,23.523607688477583,22.914836621660974,22.91113819262919,22.87750972219923,23.85743121033118,22.86009099334647,22.865759381436963,22.93602028937941,23.545773521280392,23.414261737385115,22.92398422155703,23.67374300789219,22.97038182606121,23.69909385583976,23.202714479616663,23.49804588087332,23.62365285443818,23.506895860964764,23.935813519997385,23.125823431343147,23.210046144158667,23.142433819536965,23.74971815661807,23.53841325916181,23.136847664966087,23.2821310738581,22.891953943831933,23.951871728767088,23.668489070348738,23.757290069046014,23.15738821685407,23.015126165794445,23.158100061013208,22.600720324757525,22.748274613678674,22.84301077536526,22.53172173857454,23.499786736428472,22.799920296173557,22.724585161280547,23.5729827546356,23.039261552225778,23.94946673398889,23.057444564299857,23.33312614459582,23.52594961659708,22.90668081232199
sp|P98160|PGBM_HUMAN,HSPG2,20.90958144821866,21.039964865121902,21.109850014869718,20.8360145083136,20.81568741488734,20.31696512924762,20.733260224915792,20.46226941161112,20.473080278814518,20.762285999086394,20.52274111511626,20.126793704601408,20.879689485127365,20.96398914217288,20.62888361840633,21.07965743311188,21.697847127725957,21.860715524152106,21.901513680616738,21.838210248893084,21.75073533435378,21.39156718448012,21.84847293571073,21.76578975976441,21.570079606518515,21.43218325042998,21.54413212548832,21.965825982150264,20.872799999519867,20.74190543821152,20.3029794278772,20.860031873246964,20.704080493196614,20.88011424322501,20.85478822552416,20.921301489797468,20.89532762670164,20.54817575070015,20.83893996973304,20.68359532413297,20.8551429825788,21.03382036333859,20.90082419923631,21.087440898906376,20.78133116302094,20.436994504523778,21.03468219352521,21.40137859488265,20.644829011615148,21.556854496818644
sp|Q12805|FBLN3_HUMAN,EFEMP1,23.492660762375245,23.53696682307889,23.398178960727336,23.340394085080653,22.429809934467688,22.436882703807157,22.360834010609125,22.32435792039132,23.01737361826805,23.31695689684218,23.173568528807994,23.243749608930557,23.65024866802392,23.563166132541078,23.41477670902609,23.61612476452965,23.38165677444895,23.61640139923127,23.705330801167587,23.34574613350237,23.14825680999804,23.31498307230894,23.045193126186483,23.556242402444497,23.485175561851857,23.25769051112385,23.141297272110187,23.173627500562468,23.07164785930495,22.90758710219622,23.095324154630628,22.822459884524857,23.14501187627554,23.211878093165065,22.936528697711005,22.97866103649758,22.82280510241205,22.772277222242163,22.62624635685823,22.92470771079125,22.67042016491609,23.027376686099107,22.79796746210251,22.78080052583608,22.853652539027134,22.82213345500968,23.36410509555156,22.849517231843876,22.37692806226341,22.931206497982767
sp|Q13332|PTPRS_HUMAN,PTPRS,20.79737113104032,20.852377368281008,20.88782637441609,21.05065728273961,,,,,21.18922991038383,21.16097043331188,20.83116490669563,21.102874699633496,20.66552144059685,20.57181052497616,20.678917036293477,20.68533297575073,20.407738951402447,20.166811813592396,20.57882666028059,20.14974501388565,20.58369543090315,20.32632524576479,19.80260709540898,20.902731753479976,,,,,20.593044452915784,20.60062746751325,20.509390670447477,19.578758666445182,19.734327118464016,19.351171507246992,,,19.840849423835127,,19.631446471113065,19.731628365797054,20.05258024506676,21.40680359551663,20.615805433561164,20.92338500030471,20.36673558527683,20.99118534575449,20.74333493353681,20.587122345147076,20.65702717461542,20.27126384528064
sp|Q14118|DAG1_HUMAN,DAG1,21.88619346371747,22.07686801620332,21.829875521645405,21.718008731026963,21.08031325088591,20.94826167203097,21.12552550769252,20.916619172716587,22.099426317038837,22.186726704907542,22.10363683917774,22.02977493574916,22.101041448293607,22.12917412406517,22.007796890948324,22.256694134409557,22.082392448404764,22.23261016461104,22.41203484595048,22.077315612884775,21.99819543227073,21.92245041862472,21.895141633660185,21.99847084588791,21.990620795183062,21.35996374726229,21.658048996775907,21.70881613113519,22.42124819403363,22.26983707829915,22.14025314514639,21.833638851365745,21.49029073454351,21.84292744001899,21.681610527894264,21.664676211352106,21.644783901059174,21.60846995733812,21.48467136803268,21.63835877602112,21.66207825308585,22.15830742581387,21.992257985500085,22.18615824953381,21.84718721981196,21.88906117741357,21.995524107111525,21.870626102555743,21.73239230202381,21.861530082755475
sp|Q15113|PCOC1_HUMAN,PCOLCE,22.341230767191444,22.160067380644023,22.13127402723897,22.12428638646708,21.508758207218488,21.78716596414985,21.77746195501974,21.302917877881026,22.01154990636985,22.29971182972941,21.941753010314677,21.81554383093281,22.53444463968892,22.25296909667049,22.219426278325656,22.309193117900183,22.23206753349005,22.20826637626289,22.488882284452327,22.056941663946013,21.81576567193228,21.82039172443756,21.915515790945932,22.23099291312264,22.36910733921572,22.29523295159128,22.25690009660155,22.476549798287444,22.485389615011684,22.51484790084457,22.215298301553585,21.95301186568808,22.393736759579163,22.48147342553021,22.302403883592444,22.530273381437357,22.221249870008503,22.03167025002341,21.91847391902441,22.10682252935423,21.449032349462104,22.4402580500665,22.04713971085994,21.804681408172563,21.87021732152284,21.812920724499016,22.28863144596,22.076966454126374,22.089330132068028,21.883965494449274
sp|Q96GW7|PGCB_HUMAN,BCAN,23.329857586685318,23.44621776877796,22.948719443514506,22.776350250830173,21.378660438385097,20.68337423953096,21.25231852078868,21.348843331916104,23.25157471654872,22.76504684351014,23.312308552294088,22.990134182675227,22.92113098784218,22.96585166820384,22.74515180377213,23.10635706534505,22.75118719891948,23.30599836604077,22.17678292936885,22.30314507593032,22.393772205309592,22.2168687256068,22.960264191560796,21.70725750393488,22.06980324859957,22.92640641995825,22.433671920023656,21.77743585650728,22.05485290600636,22.245891401736703,23.12814385171912,22.818948489236,22.231290411107764,22.36981073743816,23.14989831678728,23.10988312391551,22.157331093090523,22.50347013012241,22.51421759957993,22.87684015658833,21.99666569424189,22.328493374807568,23.18093015006957,23.03622740663716,23.045426613847432,22.84432790958348,22.92639497993469,22.528300708683343,22.33508614515784,22.616642742832777
sp|Q96IY4|CBPB2_HUMAN,CPB2,20.096313921253437,19.503205008222675,19.43534140486927,19.26010121936349,19.91217973590827,20.270490517129637,20.24224026647966,20.20998457390534,19.497203320956665,19.59586269580288,19.559540426061474,19.44912719656233,19.987129725411563,20.013091655023786,19.90330033265926,19.93544559975573,20.154490013041286,20.36066688451399,20.556169810264542,20.41013110528657,20.08327204465254,19.850920683136195,19.6051824399614,20.274314699694425,20.486446295954867,19.78374248017189,19.800414514743892,19.81406852848169,19.990224839045144,19.775541451831057,19.028793964367114,19.86205979242024,20.67965285188141,20.714808515766684,20.412455490947533,20.5211554085784,20.00772110997854,20.32479797619812,20.15049554990752,19.841170957889428,20.114985735111883,19.80981877218463,19.879654115638814,19.053331763614636,19.99615562916141,19.776367014581155,19.590856203809317,20.153954551810248,20.57173866707884,20.02393090446614
sp|Q9UBX5|FBLN5_HUMAN,FBLN5,20.04502325507239,20.037909173957438,20.320773348673534,19.895460901398817,,,,,19.910395987211263,19.588791544077047,19.92407556997413,19.742898040694897,20.311511836065115,20.20364794989716,20.397441567490453,20.34956353220794,20.35483378969965,20.584419894323734,20.899969917830337,20.421054910490444,20.347109903008462,20.05783303164888,20.22678607083133,20.357123566265084,20.61642849514509,20.04863491511429,19.850179412108407,,20.297059955669507,20.24248183910704,19.79977014193554,19.728620982509455,20.23701156169537,20.475557212442396,20.433676628053327,20.31466424502177,19.77677563819745,19.607978693472845,19.658511383490204,19.73608175076636,19.592443076097883,20.11165247166156,20.000186470044007,20.263567229028418,19.975600318016344,20.153098822503917,20.551012915920943,20.20320687818781,19.493958966644268,19.92767882348704
sp|Q9ULB1|NRX1A_HUMAN,NRXN1,21.49110323778279,21.496039901309924,21.39649905792242,21.238413248538293,21.84572704737098,21.990654732937504,22.303249591515048,22.07002742342433,21.925916707551167,21.92377135051245,21.95631010494833,21.93421275577445,21.722424944187782,21.736440808069787,21.75525001476285,21.689828276595104,21.81533348171112,21.796460556867707,21.707794101681436,21.358545313188564,23.09752510313319,23.000532062687007,22.954211795979138,23.11852637639448,22.85113871960737,21.8111820018566,22.01962334129621,21.94072298991652,21.30898812259864,21.453651160889248,21.228814624926702,20.9017999511387,20.335749739689597,20.7220179155324,20.47180994824468,20.48411404341841,21.938267885691623,21.88474632234604,21.854820939860907,22.073231574661477,20.432845936536182,21.553940081138013,21.52931777516656,21.595367898753707,21.054857262588595,21.37881896610731,21.113345007095045,20.79175182906553,20.8491261870791,20.842050155487293
